{"Fid":"fL71gk2hT2mIxdF-a1bEKz","Status":3,"AuthToken":"eyJhbGciOiJFUzI1NiIsInR5cCI6IkpXVCJ9.eyJhcHBJZCI6IjE6NDg0Mjg2MDgwMjgyOmFuZHJvaWQ6N2ViNTE2ZDQ5YmI0YWQxMSIsImV4cCI6MTc2NTE0NDY2NywiZmlkIjoiZkw3MWdrMmhUMm1JeGRGLWExYkVLeiIsInByb2plY3ROdW1iZXIiOjQ4NDI4NjA4MDI4Mn0.AB2LPV8wRQIgMvqePx6OjVSu64xRSbuCY9lKCr84gsXeYYgoXa2cLxcCIQDXigq-1vX6Ja5xpEmnfO-3DQX66Kqqj9t_TacYYtYsSQ","RefreshToken":"3_AS3qfwKUJMcBJm6BTWUD79iGytzJvuix6GMMav9aLDXfXt2SjOK4bWU24duYOtAj5Dpmu5kjJv8p_roCqrniz_tT9XjMAF0RN0g-n_JsnlVepTY","TokenCreationEpochInSecs":1764539866,"ExpiresInSecs":604800}